ticker,price,market_cap,sector,final_score,recommendation,piotroski,altman_z,beneish_m,magic_rank,growth_score,upside,risk_flags
NEM,109.73999786376953,119755194368,Basic Materials,92.33116043006203,STRONG_BUY,9.0,7.85001696994206,-2.6590597513693397,9.91558021503101,7.5,32.13049282177132,
APH,138.68099975585938,170468769792,Technology,90.08035587041228,STRONG_BUY,7.0,12.30651949668168,-2.39429502012148,6.706844601872806,10.0,21.862403860309367,
FIX,1404.0400390625,49523232768,Industrials,88.97398422789584,STRONG_BUY,7.0,16.417586966204755,-2.3857443055200593,6.326305099099811,10.0,19.654707363029537,
DECK,102.70999908447266,14969451520,Consumer Cyclical,82.66771781806888,STRONG_BUY,8.0,23.162056710534216,-2.394846623590858,9.667192242367774,5.0,25.59634032700695,
UHS,195.6750030517578,11953128448,Healthcare,81.97753655221564,STRONG_BUY,8.0,4.214579169621986,-2.3647502135934877,9.322101609441152,5.0,23.674458273031842,
HWM,241.19000244140625,97078976512,Industrials,80.42438118103928,STRONG_BUY,8.0,21.064972078719986,-2.563821805461322,6.000000235941793,8.0,16.091047375822345,
NVDA,184.82000732421875,4492001542144,Technology,79.82105735578634,BUY,4.0,105.15135284251508,-1.1830819492220943,6.577195344559835,10.0,43.382745102442435,ACCOUNTING_RISK
CHRW,172.97909545898438,20518924288,Industrials,79.59819850536314,BUY,7.0,12.928721180141235,-2.7955740855591524,6.827207618701769,7.5,16.77711660129294,
EME,729.0700073242188,32637448192,Industrials,79.56460088252405,BUY,5.0,10.219837358854718,-2.1993242532732804,7.7093530689694525,9.0,16.31256141125181,
FSLR,199.28500366210938,21385472000,Technology,79.12240362423815,BUY,8.0,10.275786516576982,-2.2581271679455783,7.894535145452405,5.0,28.710136380808404,
APP,451.3699951171875,152549523456,Communication Services,79.04149210080101,BUY,8.0,38.68284526638239,-2.428011867027424,6.354079383733836,6.0,45.11376633042363,
IBKR,69.12000274658203,117504925696,Financial Services,78.76639110821863,BUY,6.0,1.6981038701556677,-2.336675231606882,8.88319555410931,7.0,20.081013746927738,
LULU,161.0,19103526912,Consumer Cyclical,78.66666666666666,BUY,7.0,11.940497648648012,-2.8287943988719375,10.0,4.0,27.639751552795033,
LRCX,217.47000122070312,273148837888,Technology,78.59563656379899,BUY,8.0,33.777281638084695,-2.347333602326142,6.131151615232833,6.0,28.753390549640567,
LLY,981.0399780273438,878049165312,Healthcare,78.41822857126348,BUY,7.0,14.401043343397347,-1.8517788070410668,6.625780952298408,7.0,28.43513294265374,
MPWR,1092.43994140625,53658464256,Technology,78.2441895720793,BUY,5.0,91.05139670725231,-2.450134322616594,5.455428119372988,8.0,23.576587492965906,
INCY,92.91500091552734,18491430912,Healthcare,78.159015170519,BUY,6.0,15.862000030970837,-2.456252977970142,10.0,6.0,15.159015170519,
FOXA,57.849998474121094,24609161216,Communication Services,77.1995270469997,BUY,7.0,5.5813807957616515,-2.621531448164072,9.266430190166519,4.0,26.18842165165516,
CMI,545.4400024414062,75360968704,Industrials,77.12773730276558,BUY,6.0,8.273383548060334,-2.55633534993436,7.062328868812697,7.5,15.50307956514018,
LDOS,167.55999755859375,21423413248,Technology,76.83329657422304,BUY,7.0,5.777439456405574,-2.623448650946653,9.083314953778185,4.0,28.312248229066157,
TT,421.7850036621094,93526188032,Industrials,76.4832447521806,BUY,9.0,10.95423957769027,-2.47293935294138,7.026033163663542,7.0,11.431178424853508,
AMAT,347.5,275779420160,Technology,76.4616839105436,BUY,6.0,27.284292360777986,-2.6990427852169097,6.7308419552717975,6.0,22.302158273381295,
PTC,157.52000427246094,18744268800,Technology,76.27158279753596,BUY,9.0,9.235809897845176,-2.356103167733113,7.135791398767976,4.0,22.841540599062444,
MRK,115.16999816894531,284794847232,Healthcare,75.56023994610158,BUY,4.0,7.1208872058680885,-2.2596244144348567,8.50847715511529,8.0,12.876618969204326,
KLAC,1439.074951171875,189083418624,Technology,75.526556693889,BUY,8.0,22.663950297554706,-2.2867068351555435,6.2808903773100155,5.5,18.13144260593565,
WAB,239.7899932861328,40993820672,Industrials,75.33948076783662,BUY,6.0,5.244400575481123,-2.466584320370526,4.669740383918313,7.0,20.93915848020955,
GILD,144.91000366210938,179894255616,Healthcare,75.23166312429781,BUY,8.0,7.904442531681442,-2.4501677251220237,7.742486282363035,7.0,10.41335722623842,
RL,338.9849853515625,20556273664,Consumer Cyclical,75.00334506887941,BUY,8.0,10.842153807394443,-2.7798119391929332,7.335005867773041,4.0,23.309296300097408,
ANET,133.4600067138672,168101969920,Technology,74.98768797253402,BUY,4.0,31.56673843115584,-2.397042711435731,6.160510652933676,7.0,31.87471238281654,
IEX,190.0,14221393920,Industrials,74.81981878457142,BUY,8.0,8.952950600308903,-2.540441318386059,4.993242725619044,5.5,21.052631578947366,
GOOG,303.114990234375,3666782191616,Communication Services,74.31789530198564,BUY,6.0,26.101868932485594,-2.6351287320240817,7.158947650992822,5.0,23.715425525488516,
GOOGL,304.30999755859375,3681359233024,Communication Services,74.30092950180358,BUY,6.0,26.18689411623815,-2.6351287320240817,7.150464750901794,5.0,27.337255794689536,
NDSN,269.7300109863281,15046510592,Industrials,73.92207278191394,BUY,6.0,9.365526732436098,-2.671208628526938,5.46103639095697,6.0,20.490856323908783,
AME,214.92999267578125,49477718016,Industrials,73.33948663325256,BUY,6.0,12.89647052755221,-2.4331105330237293,5.382833914065435,6.0,19.573818805121693,
MNST,78.05999755859375,76363808768,Consumer Defensive,73.219858640529,BUY,7.0,53.46917400027326,-2.2888365549736114,6.628631078628556,6.0,15.295929816605222,
PM,176.11500549316406,274154635264,Consumer Defensive,73.01038908398581,BUY,7.0,6.797645499100503,-2.4072202327104053,7.431018951081448,5.5,14.98168451515625,
NFLX,95.23500061035156,403982712832,Communication Services,72.97605640296257,BUY,6.0,18.987806198686613,-1.9658898915629435,6.648591926692665,6.0,19.178872549577246,
RCL,284.29998779296875,77532291072,Consumer Cyclical,72.84020426045538,BUY,8.0,2.373535584086161,-2.841744520329882,7.253435463561025,5.0,30.495960580261233,
AVGO,328.7250061035156,1558575185920,Technology,72.61383282645853,BUY,9.0,19.929378023249782,-2.0915242642278886,5.0569164132292705,5.0,44.4976777490491,
TXN,194.625,177198923776,Technology,72.56185622807376,BUY,7.0,18.308138885966635,-2.797154079480195,6.63722226946398,5.5,16.120745022479127,
LVS,54.25,36680294400,Consumer Cyclical,72.27859549905206,BUY,8.0,3.669203999620903,-2.139071832062006,7.222631082859362,4.0,30.87557603686636,
PH,895.4500122070312,113020592128,Industrials,72.17017350081841,BUY,7.0,11.196741507374462,-2.4962811910323093,6.6220149790782665,5.0,17.2594768759952,
WDC,280.75,95988228096,Technology,72.0978229357298,BUY,7.0,13.00689163433317,-2.7352975334137,5.084901375849465,6.5,15.761353517364201,
HUBB,474.9700012207031,25250164736,Industrials,71.94145470397588,BUY,6.0,9.543540193041657,-2.456599597522153,6.572333918037902,6.0,15.796786867900078,
NDAQ,86.12000274658203,49174130688,Financial Services,71.71690317226275,BUY,9.0,4.2995953649508,-2.5863157145250066,4.8584515861313715,4.0,26.567576084205406,
LH,268.4849853515625,22257405952,Healthcare,71.51046713493282,BUY,8.0,4.840292115376739,-2.5461459860766005,4.494917821879718,5.0,19.187298157840058,
ADBE,252.8300018310547,103794925568,Technology,71.23426501450767,BUY,7.0,13.151943006866453,-2.850787759444551,9.283799173920507,2.0,23.600837612941923,
FCX,57.2599983215332,82294161408,Basic Materials,71.20738063636888,BUY,4.0,4.886303640515959,-2.2092160447082927,7.020356984851109,6.0,22.249392336562103,
FFIV,286.94000244140625,16301374464,Technology,71.12904186311683,BUY,6.0,9.898477287318066,-2.592538446987841,6.803735178908841,7.0,11.521571505299152,
AON,324.9999084472656,69853937664,Financial Services,70.9118817822935,BUY,8.0,2.8296935945647848,-2.355288746534949,8.28927422448009,2.0,23.38465014216031,
GRMN,237.48699951171875,45711695872,Technology,70.817865512553,BUY,7.0,29.663685258356175,-2.251188408357316,7.151567679840448,7.0,8.848063486205428,
AMD,200.0800018310547,326180012032,Technology,70.8146242038612,BUY,8.0,26.74038349581849,-2.721837774958525,2.24064543526394,6.0,45.441821939664486,
SLB,44.80910110473633,67264434176,Energy,70.59738749264197,BUY,4.0,4.801378856220753,-10.26105559294204,6.21536041298765,5.5,23.85876670517196,
BMY,59.05500030517578,120263958528,Healthcare,70.43060996944956,BUY,9.0,3.6495897556670798,-2.6614368022478962,7.778530224526513,5.5,8.373549520396535,
UBER,75.16999816894531,156190507008,Technology,70.17711936267402,BUY,6.0,5.159193808078305,-2.2964408607444433,5.0885596813370055,5.0,39.68338773138116,
TDG,1246.0699462890625,70370009088,Industrials,69.97132238516089,BUY,7.0,3.3734670606182613,-2.3116630326333065,7.152327859247115,3.0,30.209383897909493,
HLT,297.55999755859375,69163409408,Consumer Cyclical,69.87556669802481,BUY,6.0,3.477149778429486,-2.6278791840037954,6.654814754550161,7.0,10.565937188924487,
BALL,62.35499954223633,16710342656,Consumer Cyclical,69.73986843922751,BUY,5.0,3.9910360544532564,-2.6472446778265555,5.771184703753929,7.0,13.864165698386314,
CTSH,60.849998474121094,29366624256,Technology,69.66666666666666,BUY,7.0,10.280081224513033,-2.4951340668452944,10.0,1.0,44.61791652702429,
XYZ,59.86000061035156,36374827008,Technology,69.5110802460328,BUY,5.0,5.086666713679463,-2.617982134038933,7.0888734563497335,4.0,47.84497009292669,
BKR,54.77000045776367,54125711360,Energy,69.41635680140074,BUY,7.0,3.6430610490221986,-2.6896729280075906,5.611608374423282,5.5,15.026473385887515,
JKHY,166.05999755859375,12018947072,Technology,69.33857204031118,BUY,8.0,19.063272919460466,-2.720520064124581,7.502619353488926,2.0,23.449357469529282,
DIS,99.16239929199219,175840182272,Communication Services,69.32018354586512,BUY,7.0,3.3655759215523178,-2.626039028029809,5.326758439599226,4.0,32.10652519031863,
MSCI,552.3800048828125,41505579008,Financial Services,69.26922604979819,BUY,7.0,10.113235869059007,-2.738468606464556,6.801279691565762,3.0,26.724355301112883,
PLTR,152.04029846191406,363697307648,Technology,69.20916127438262,BUY,7.0,275.4385381921773,-1.4454887854482843,4.771247303857984,6.0,29.242050948237942,ACCOUNTING_RISK
COST,998.3599853515625,442964344832,Consumer Defensive,69.02492235729231,BUY,8.0,11.72525664498652,-2.6514618636851264,6.255445532665881,6.0,10.180697958627217,
RTX,207.3800048828125,279128145920,Industrials,68.9311701688081,BUY,8.0,4.374981489714296,-2.3377614058835197,4.050679749032486,8.0,8.4964773374098,
STX,400.30499267578125,89678479360,Technology,68.69978010473992,BUY,8.0,10.155167852731092,-1.5881677223317914,5.977794579816918,5.5,16.910857611772762,ACCOUNTING_RISK
ADI,313.3399963378906,152976326656,Technology,68.62270723082563,BUY,8.0,12.998097414101057,-2.7827489248574935,2.6446869487461537,5.0,27.656859856684058,
TTD,27.350000381469727,13017972736,Communication Services,68.60729008187262,BUY,6.0,6.18310728304337,-3.679947543093795,7.302731780107326,4.0,17.00182652165796,
MA,505.260009765625,450913075200,Financial Services,68.53494928823993,BUY,8.0,17.81137974129478,-2.556264872578126,7.100807977453298,2.0,32.01123918542482,
BSX,69.61000061035156,103263584256,Healthcare,68.52862620815804,BUY,8.0,7.141282980022597,-2.526984080766897,4.09764643741236,4.0,50.8403951721639,
MCO,436.4599914550781,77691568128,Financial Services,68.45994727941323,BUY,8.0,13.05567942800618,-2.491716399703834,7.063306973039948,2.0,26.01384107771257,
BR,179.1199951171875,20912029696,Technology,68.28615082064627,BUY,8.0,6.1071106733348515,-2.6654945930082334,6.976408743656468,2.0,38.175528554517626,
KO,78.23500061035156,336536371200,Consumer Defensive,68.06193627253154,BUY,7.0,9.252118340988353,-2.3459227037614583,7.374122732330283,6.0,8.647024141204309,
MOS,28.045000076293945,8904434688,Basic Materials,67.98345289743645,BUY,8.0,3.3878915518766086,-2.776706898045725,6.773892171164007,4.0,14.1023352217751,
MAR,321.625,85225660416,Consumer Cyclical,67.97716202543845,BUY,7.0,4.916607579459619,-2.54928339327985,7.061291208340416,5.5,10.687912942090945,
AMZN,209.44000244140625,2248321794048,Consumer Cyclical,67.93423101188043,BUY,5.0,7.705984695761469,-2.757960596734165,6.300448839273551,4.0,36.07715654975353,
EXE,108.62000274658203,26112059392,Energy,67.91775176353593,BUY,9.0,3.982017003722597,-1.6852508330512563,6.597387792353882,3.5,19.222976178828173,ACCOUNTING_RISK
HCA,535.030029296875,119644594176,Healthcare,67.87203344198205,BUY,7.0,2.9469994921849993,-2.751957623901361,8.610246530972063,7.0,2.984873713371265,
INTU,450.6440124511719,125402546176,Technology,67.82235096443021,BUY,8.0,10.95614429159727,-2.720959395882745,6.744508815548442,2.0,33.142787526775614,
ADP,209.00999450683594,84533829632,Technology,67.72215179694199,BUY,8.0,4.391709240804002,-2.420269976643648,8.194409231804332,1.0,30.137317424360727,
ALGN,166.44000244140625,11942070272,Healthcare,67.62400657234635,BUY,6.0,8.392592437430086,-2.6081860592582014,6.062003286173175,3.5,20.163420491662308,
SMCI,31.94499969482422,19179393024,Technology,67.54676052896298,BUY,5.0,8.677345376047814,-2.278049122348084,6.106713597814823,4.0,23.65002465910136,
AAPL,253.60899353027344,3727394078720,Technology,67.46944722795617,BUY,7.0,15.744736436927585,-2.318448217091679,6.755222823419134,3.0,18.292334914451228,
DGX,200.49000549316406,22302982144,Healthcare,67.38535014526624,BUY,8.0,5.328851855596647,-2.6795668763338156,5.660430578571676,6.0,9.73115565478956,
AVY,172.88999938964844,13291426816,Consumer Cyclical,67.26237084639465,BUY,5.0,5.261413298631036,-2.5224823025756935,7.464518756530657,3.0,21.46451543834841,
ULTA,533.0599975585938,23901538304,Consumer Cyclical,66.95075208830045,BUY,4.0,11.076983929765687,-3.5070085221749636,8.142042710816892,3.0,30.28552192638706,
DXCM,66.44000244140625,25912680448,Healthcare,66.8611461191699,BUY,7.0,11.951706514977815,-3.835008781701915,7.097239726251621,2.0,27.934974227253978,
DVN,46.71500015258789,28975648768,Energy,66.80437218138326,BUY,6.0,3.7716210919535116,-3.1296978029240172,8.601024970014175,5.5,8.102322241354912,
CTAS,192.91319274902344,77525385216,Industrials,66.7040820501072,BUY,7.0,22.56326357244014,-2.561572570508932,6.47987459365995,4.0,15.07766619612064,
MSFT,397.92498779296875,2957528793088,Technology,66.55077913432572,BUY,5.0,14.41989440161714,-2.608282335870576,7.108722900496197,3.0,50.782187197594695,
VRTX,467.69000244140625,118793256960,Healthcare,66.47780923588991,BUY,6.0,22.69905426483554,-2.317298868582664,7.011639003109952,3.0,18.45453122967001,
PNR,89.0999984741211,14580492288,Industrials,66.4053250313358,BUY,8.0,7.8078075081959994,-2.4265779379672447,6.035995849001239,2.0,32.43546803681804,
SOLV,67.29460144042969,11675143168,Healthcare,66.39771165680827,BUY,7.0,3.0362558617548028,-2.03983092781389,9.615522495070802,1.0,35.96930220472044,
SPGI,428.3599853515625,129707401216,Financial Services,66.34944617672149,BUY,7.0,7.2694327281033235,-2.453142954574572,5.341389755027409,3.0,28.39668008406654,
ECL,275.0299987792969,77898301440,Basic Materials,66.31935133554985,BUY,4.0,8.075053026640141,-2.4971726883141336,5.378281858971886,5.0,18.896120950939412,
ALL,208.9499969482422,54230011904,Financial Services,66.26701261709731,BUY,5.0,3.097628606676137,-2.3902927431915555,7.829664824061858,3.5,16.774349635640267,
RMD,231.46499633789062,33786085376,Healthcare,66.21444507690083,BUY,7.0,21.885371230901494,-2.609741559920673,7.52388920511708,1.5,29.609230227650734,
CRM,198.16000366210938,185675923456,Technology,66.1570920776591,BUY,7.0,4.326170777999099,-2.660618719518008,5.245212705496222,3.0,32.46870970369952,
AZO,3527.455078125,58270031872,Consumer Cyclical,66.1519153166526,BUY,6.0,2.875382052150439,-2.426013425086737,7.575957658326306,2.0,21.900914533705194,
META,629.1300048828125,1591419207680,Communication Services,66.14592968263,BUY,5.0,15.1085537439265,-3.7505893182572496,7.656298174648338,2.5,36.06090845396038,
NWSA,24.170000076293945,13852317696,Communication Services,66.01705979889044,BUY,7.0,3.5679872019598897,-2.4881547905669428,5.1751965661118895,3.0,41.49772400515435,
STE,219.24749755859375,21518485504,Healthcare,65.91628394194564,BUY,8.0,8.411160442132784,-2.7504609544803875,4.291475304306155,3.0,33.63892553514594,
SW,39.755001068115234,20841707520,Consumer Cyclical,65.86267724320155,BUY,7.0,1.7661453886611889,-2.9832388463238266,3.8480052882674416,5.5,49.66670456895265,
ODFL,182.13499450683594,38084141056,Industrials,65.86214365085135,BUY,6.0,38.84203023021958,-2.7478981838176004,6.791393518760489,5.0,12.279356613330368,
ZTS,117.2300033569336,51662467072,Healthcare,65.7802892046099,BUY,7.0,10.845508567993566,-2.622832228958015,8.056811268971616,1.0,23.68847210429082,
FICO,1177.6300048828125,27935897600,Technology,65.69886839628752,BUY,7.0,18.92350980496878,-2.7001801950873916,6.516100864810431,2.0,70.68179238520827,
AOS,67.01499938964844,9267499008,Industrials,65.57996519680881,BUY,8.0,14.126376140695506,-2.5987248222115897,8.92349074238326,1.5,14.899650378708962,
IDXX,585.375,46742970368,Healthcare,65.53387480942897,BUY,7.0,37.591287299736706,-2.658716902652318,6.433604071381148,2.0,32.39376468076019,
JCI,131.88999938964844,80725409792,Industrials,65.44094721406887,BUY,6.0,3.6467761518331936,-2.285361880051864,3.2504225527387582,8.0,9.940102108591349,
CF,123.9000015258789,19325257728,Basic Materials,65.36295230159331,BUY,8.0,6.224791705690312,-2.7866741639244306,9.51480948412999,6.0,-21.71105826843781,OVERVALUED_ANALYST
ETN,366.3299865722656,142099398656,Industrials,65.34785688503061,BUY,6.0,9.013057010663553,-2.3706434175298488,5.758030852223613,5.0,13.831795180583379,
BKNG,4299.990234375,138605101056,Consumer Cyclical,65.33851754840923,BUY,5.0,11.89551799279213,-3.018826741790462,8.00259210753795,2.0,36.04682060051917,
ACN,196.4949951171875,121854189568,Technology,65.18884631493589,BUY,5.0,6.843397413871581,-2.7426400414773346,9.427756490801281,1.0,42.497268102432336,
CMCSA,30.225000381469727,110136713216,Communication Services,65.1701502522673,BUY,8.0,2.1056906094404435,-2.7196357335047403,8.154968277800315,6.0,7.526880363333345,
TYL,351.760009765625,15120523264,Technology,65.10353076866126,BUY,8.0,10.035888817794774,-2.715574478802764,3.8850987176639666,3.0,25.08528194923824,
FDS,207.1699981689453,7752288256,Financial Services,64.99564617015199,HOLD,5.0,7.134396551893605,-2.3968224598784764,9.331156418409325,1.0,47.22208944138484,
PG,151.625,354876096512,Consumer Defensive,64.98285917925638,HOLD,6.0,9.063663326006294,-2.5498808251755163,7.7671921617633926,4.0,12.448474855729597,
PHM,120.96499633789062,23264942080,Consumer Cyclical,64.7676197197043,HOLD,4.0,13.43756526394196,-2.7856669031659087,9.365782859033144,1.5,19.869387334971332,
TMUS,212.6999969482422,237906362368,Communication Services,64.72771712220029,HOLD,6.0,2.427466479510346,-2.77226036653524,4.863858561100142,5.0,26.93935302016061,
UNP,243.28500366210938,144363257856,Industrials,64.72670729874957,HOLD,7.0,7.177634503274388,-2.636023652348678,7.025746337348876,4.0,12.00854795738515,
MMM,148.80999755859375,78378229760,Industrials,64.6839794525537,HOLD,6.0,7.899863906200264,-4.527407975439755,7.59198972627685,1.5,21.268733929616594,
CL,90.4000015258789,72459943936,Consumer Defensive,64.62459180153891,HOLD,5.0,10.983966213594627,-3.5450443857391263,7.085895654412036,5.5,10.619467159381509,
GD,352.75,95379988480,Industrials,64.6097746559795,HOLD,8.0,7.1767588259092,-2.664771463750739,6.078688414689489,4.0,12.119064493267187,
CTRA,32.57500076293945,24733308928,Energy,64.58818750191986,HOLD,6.0,4.456354779976101,-2.6782861760829575,7.071915423615936,6.0,7.444356654687991,
GL,141.19500732421875,11239941120,Financial Services,64.55924541596639,HOLD,6.0,1.723325436155057,-3.503663388497452,6.279622707983191,4.0,22.87969899785548,
EIX,72.55500030517578,27918503936,Utilities,64.34810549730706,HOLD,5.0,1.1029438895146568,-2.48059208450067,7.2550604862857835,8.0,7.504651191402164,
DE,576.8699951171875,155816787968,Industrials,64.277849278025,HOLD,4.0,7.105430923033207,-2.549805972759532,5.430220277482189,5.0,16.750742056393957,
EQT,64.79499816894531,40449830912,Energy,64.21317294429407,HOLD,8.0,3.730034139505422,-2.7078805477545527,5.71673366332012,6.5,4.946372284320502,
PPG,103.43000030517578,23147495424,Basic Materials,64.06149832253698,HOLD,6.0,6.723714430562698,-2.4815562057442033,7.2807491612684885,1.5,22.304940178628,
NVR,6502.02001953125,18462044160,Consumer Cyclical,64.0,HOLD,6.0,25.60770881482847,-2.0585273561636286,10.0,0.5,24.57666964525823,
ISRG,483.2799987792969,171627347968,Healthcare,63.898541399216754,HOLD,7.0,76.17390308923497,-2.496921456578283,4.865937366275043,2.5,27.462340994027638,
SNA,369.2250061035156,19202490368,Industrials,63.89599705072561,HOLD,5.0,15.189304860488994,-2.4330243953354382,8.298734048093156,6.0,5.965195621205966,
ALLE,146.52000427246094,12622036992,Industrials,63.664658117650234,HOLD,5.0,7.5135998246757865,-2.4871679396750057,7.915662392158449,1.5,20.120116617468565,
TXT,92.23500061035156,16063872000,Industrials,63.63447266724664,HOLD,7.0,4.6798330600787335,-2.6475221083482987,5.816640385836668,6.0,7.334525228906649,
OTIS,83.38999938964844,32498403328,Industrials,63.559535932740985,HOLD,6.0,2.6967660872496655,-2.40440457013233,7.779767966370497,1.0,21.117640891286023,
REGN,755.719970703125,79894568960,Healthcare,63.37353125620602,HOLD,4.0,14.978123159071,-2.645177528172725,6.961618268345555,4.0,15.783628052848247,
CRH,102.16500091552734,68389236736,Basic Materials,63.34780079052393,HOLD,6.0,4.994201928700901,-2.775070426798325,6.173900395261964,2.0,39.96965567321444,
SPG,189.5800018310547,61604642816,Real Estate,63.28668530504925,HOLD,4.0,2.312509508781025,-2.23608315053619,7.902477394896067,8.0,6.815063848590445,
BIIB,183.61000061035156,26946332672,Healthcare,63.272934762558215,HOLD,5.0,6.475747985586743,-2.609498752092759,4.736480276303504,6.0,12.466640876617886,
ROL,55.185001373291016,26549075968,Consumer Cyclical,63.25163003626465,HOLD,6.0,17.457799850339473,-2.6634298181851137,6.326958120809377,2.0,19.5977137946459,
PGR,206.21499633789062,120822677504,Financial Services,63.245191592545986,HOLD,5.0,2.8843511294085697,-2.4701531520890048,7.946423491738392,4.0,12.019011275735865,
ORLY,91.41000366210938,77159555072,Consumer Cyclical,63.21562941221477,HOLD,6.0,4.829876657861281,-2.5589553517948485,7.033317565064497,2.0,18.148994282085773,
CAH,219.6750030517578,51693047808,Healthcare,63.1648177373276,HOLD,5.0,1.0028274043909582,-2.0419726808296614,6.125456221002008,8.0,16.08057196199025,BANKRUPTCY_RISK
MAS,62.08000183105469,12639928320,Industrials,63.12733972696684,HOLD,6.0,5.352945613340813,-2.648242203289747,9.063669863483417,0.0,28.86597558053079,
GE,302.7449951171875,319339626496,Industrials,63.09016262698454,HOLD,5.0,5.849998529557228,-2.250009128072479,4.628414646825604,3.5,20.2332014965604,
CVNA,313.4739990234375,68695531520,Consumer Cyclical,63.0,HOLD,6.0,10.317620571451855,-3.494288930210496,0.0,6.0,41.95754716062709,
VMC,267.44000244140625,35337089024,Basic Materials,62.746424596280065,HOLD,9.0,6.9319393324019405,-1.8446258276114067,4.623212298140037,2.0,21.522583395580337,
FDX,356.0249938964844,84006043648,Industrials,62.715476081974124,HOLD,5.0,3.72191216696963,-2.329972656063398,4.843921327437206,5.5,13.19430009376639,
HST,18.93000030517578,13188325376,Real Estate,62.62901639920945,HOLD,8.0,2.413700739300026,-3.5686086946260156,5.180330541249786,6.0,10.935021983376544,
TEL,205.39999389648438,60292186112,Technology,62.6106666581206,HOLD,5.0,8.559970052204772,-2.783062394134329,6.638666662393636,2.0,36.31938087647259,
TRGP,241.40499877929688,51890438144,Energy,62.6012539757007,HOLD,6.0,3.3527025261194776,-3.008870788651536,6.263148221083881,8.0,1.074957533532928,
WM,238.94000244140625,96373047296,Industrials,62.49682358382547,HOLD,8.0,4.59686423121015,-2.647738444659188,4.511811797992239,6.0,7.139866654507658,
QCOM,130.35000610351562,139219681280,Technology,62.46647176245933,HOLD,6.0,10.353025125308697,-3.2319942264111914,9.48688265555575,0.5,16.992706451347818,
CPAY,309.1700134277344,21628932096,Technology,62.35605745980182,HOLD,4.0,2.7033322353954152,-2.563507650992614,7.344695396567577,2.0,24.203507236239922,
CAT,701.3892822265625,328235876352,Industrials,62.26614859758379,HOLD,4.0,8.505418442439943,-2.4150240767243734,6.519237453403369,5.5,11.06100702411039,
APTV,71.30000305175781,15406461952,Consumer Cyclical,62.22852411028018,HOLD,8.0,3.435983177053588,-2.945639801612774,4.697595388473425,1.5,46.563808593586984,
NOC,732.989990234375,104612380672,Industrials,62.18943993763634,HOLD,5.0,5.151482098683669,-2.4606889299494665,6.26773665443125,8.0,2.3206332954405036,
ORCL,157.66000366210938,453129207808,Technology,62.11426634095348,HOLD,5.0,3.322061943300856,-2.6176422306542872,4.890466503810076,3.0,45.24926720843141,
V,309.31500244140625,596371570688,Financial Services,62.10057556669953,HOLD,6.0,12.49090955561598,-2.5993588691824043,7.050287783349766,1.0,29.511985140742063,
SHW,323.79998779296875,80229466112,Basic Materials,62.091007881857294,HOLD,6.0,4.839408857585032,-2.495527135523824,7.045503940928647,1.0,23.533049746670162,
IBM,247.85000610351562,232584691712,Technology,62.07277671358875,HOLD,5.0,5.859252032534531,-2.392064195763849,4.86972169012771,3.0,37.17974243583336,
DAL,60.66999816894531,39625437184,Industrials,62.05856132705071,HOLD,7.0,0.4466108162817567,-3.0599532992061143,8.195947330192018,3.0,33.5091518784005,BANKRUPTCY_RISK
ROK,364.44000244140625,40975151104,Industrials,61.997998414492635,HOLD,7.0,8.221115555209956,-2.717911141448527,4.665665873912986,2.0,21.419162834942643,
URI,747.5,47563534336,Industrials,61.90678566758341,HOLD,4.0,4.984939266034481,-2.652495821244975,7.120059500458371,2.0,29.899665551839465,
ABNB,128.65499877929688,77130473472,Consumer Cyclical,61.90116350800477,HOLD,6.0,7.263869901337243,-2.9160279264643467,6.751162229631136,3.5,12.898839048742495,
GEHC,71.66999816894531,32663584768,Healthcare,61.739684425344194,HOLD,4.0,2.957957852363906,-2.3660779785616675,7.036508879338765,2.0,32.55197771326804,
CTVA,79.16000366210938,53490946048,Basic Materials,61.70815978370019,HOLD,7.0,4.128306780661408,-2.7573574719392364,3.3320173596031473,7.0,7.3774583978272235,
DDOG,126.87000274658203,44893118464,Technology,61.668144597273454,HOLD,6.0,20.139746978085295,-2.574320665385085,0.8340722986367273,5.0,37.93646741661683,
WELL,210.2050018310547,146671075328,Real Estate,61.653813639533794,HOLD,6.0,6.748757696101732,-3.02376719059156,0.11840844995767522,9.0,9.416996739618446,
HOOD,75.31999969482422,67815727104,Financial Services,61.61862163880994,HOLD,5.0,3.93753845496256,-1.5514451715427104,6.392644152738307,3.5,59.32023431519752,ACCOUNTING_RISK
VLTO,91.38999938964844,22691893248,Industrials,61.56570438240057,HOLD,6.0,8.215237492613443,-2.477681886176751,7.695424288102531,1.0,18.17485580619551,
PODD,227.6199951171875,16023502848,Healthcare,61.56570436448557,HOLD,7.0,13.71497094414627,-2.863632573399298,5.1995188489094515,1.5,58.15833745829675,
BDX,161.13999938964844,58380234752,Healthcare,61.56150071630526,HOLD,7.0,3.441814947440871,-2.6456531720152108,2.9474170248192983,3.0,22.87451951716926,
WST,239.39999389648438,17241944064,Healthcare,61.403681708256784,HOLD,6.0,22.868022432545416,-2.797752221909625,5.951840854128393,1.5,32.62322810972408,
EXPE,232.13999938964844,28445245440,Consumer Cyclical,61.37862640844879,HOLD,7.0,0.9130388879291342,-2.7975519658475685,8.209128683786322,5.0,13.293702374209479,BANKRUPTCY_RISK
ACGL,94.58000183105469,34297163776,Financial Services,61.372057065267526,HOLD,5.0,2.20178065346935,-2.2929602166798473,6.617533852424881,4.5,16.303656027084433,
ADSK,251.1699981689453,53248040960,Technology,61.33872784407547,HOLD,6.0,6.070904656182248,-2.6772549912318913,6.669363922037737,1.0,31.3851186072116,
TPR,144.4499969482422,29561657344,Consumer Cyclical,61.32556216807744,HOLD,7.0,5.8097110770298,-3.213884688261663,1.9662585897803522,5.5,14.226378321850069,
COIN,204.85000610351562,55239360512,Financial Services,61.26237964585307,HOLD,4.0,7.529692084626788,-2.109441973449601,3.4684098581095197,6.0,17.158893262967364,
EPAM,137.03500366210938,7570172416,Technology,61.226427141092685,HOLD,6.0,10.797002341278374,-2.682896776474167,7.363213570546339,0.5,40.839927640593864,
EFX,186.52000427246094,22828937216,Industrials,61.13423047296231,HOLD,8.0,5.251422165034543,-2.8458204885620084,4.900448569814488,1.0,28.672525467787164,
T,27.655000686645508,196058726400,Communication Services,61.09319645507172,HOLD,6.0,1.289961576126195,-3.3410376700118434,7.306859925003684,6.0,8.479476605064354,
BF-B,23.420000076293945,10742838272,Consumer Defensive,60.98340275998253,HOLD,4.0,8.181737370807237,-2.22860570048675,8.90836804665793,0.5,28.095644330788982,
CDNS,295.0,81383268352,Technology,60.97483933751859,HOLD,5.0,23.58807628204502,-2.5426283961540004,5.820753002092628,2.0,28.31694915254238,
VICI,28.815000534057617,30797801472,Real Estate,60.963322408011365,HOLD,5.0,5.081466535742371,-2.882931923687208,5.81499453733902,2.0,21.464512758318644,
LII,482.67498779296875,16928755712,Industrials,60.94242648869438,HOLD,5.0,12.858201340263157,-2.8562961695355096,7.79449694152682,2.0,16.020099272307405,
CLX,111.88500213623047,13647774720,Consumer Defensive,60.940224311511145,HOLD,7.0,4.116846637329652,-2.228767264795176,8.563400938999054,3.0,8.146755766846363,
TDY,645.9099731445312,29912260608,Technology,60.92310613534896,HOLD,7.0,9.125954594428347,-2.4420027851139405,3.9411016293103303,6.0,8.37423621006164,
EBAY,91.44999694824219,41335398400,Consumer Cyclical,60.90173818115154,HOLD,5.0,11.780394458774712,-2.026888126842235,7.656261853265416,5.5,8.255881141287382,
CPRT,34.494998931884766,33391767552,Industrials,60.87515774453049,HOLD,5.0,46.729940296456036,-2.341175972351338,7.27091220559858,1.0,27.55472202473233,
XYL,120.98999786376953,29447581696,Industrials,60.789681881219636,HOLD,7.0,7.064302355278824,-2.493506836313896,4.061507607276489,2.0,33.068851014676696,
IR,84.32499694824219,33317683200,Industrials,60.7178756193633,HOLD,5.0,6.0589657102120125,-2.5660841715895586,3.4422711430149855,3.5,22.14646158033108,
MRSH,174.38999938964844,85435351040,Financial Services,60.70733886209485,HOLD,6.0,4.592041058522068,-2.4868050740703302,7.4340064001298956,1.0,17.839326061835063,
PEP,159.00689697265625,217416515584,Consumer Defensive,60.64969939210937,HOLD,5.0,5.2548875489295,-2.5782866782746483,6.008027031830858,5.5,8.800311995114328,
MTD,1194.7650146484375,24407189504,Healthcare,60.551225633315376,HOLD,5.0,17.28430073412382,-2.4305362407770246,7.108946149991024,1.0,23.873730972570666,
GWW,1067.4599609375,50757013504,Industrials,60.54328431773218,HOLD,6.0,20.972790719496203,-2.5850021428225696,7.36734864485658,3.5,10.308587028019017,
CMG,33.63999938964844,44481433600,Consumer Cyclical,60.42384924609843,HOLD,5.0,9.509072994310905,-2.3406533470856283,7.045257956382551,1.0,33.76932466249454,
UPS,97.81999969482422,83059130368,Industrials,60.415780447320564,HOLD,6.0,3.492839174809548,-2.6996449601480075,7.426454750968906,1.0,17.562870945382755,
EMR,132.9600067138672,74763689984,Industrials,60.14696595281808,HOLD,7.0,7.119582710695893,-2.6835313392627946,4.4901496430757035,1.5,27.85799595049937,
WTW,291.3299865722656,27894444032,Financial Services,60.11544600304568,HOLD,6.0,2.4721684824333243,-2.3382511411059186,7.057723001522842,2.0,27.0037473153214,
PAYX,93.2249984741211,33464739840,Technology,60.022689176670625,HOLD,5.0,4.975448987373252,-1.8167269192013702,8.094677921668644,1.0,24.430144165892543,
PANW,167.39999389648438,136598396928,Technology,59.97738054248177,HOLD,4.0,9.77493688230637,-2.902257888455745,3.155356937907549,4.0,22.461175313283732,
TSCO,48.90999984741211,25743841280,Consumer Cyclical,59.81206139626816,HOLD,5.0,6.916107576267999,-3.576357738234509,6.7393640314674155,1.0,20.62972844830578,
CARR,56.09000015258789,46882484224,Industrials,59.6686289728623,HOLD,3.0,3.8612916321189434,-2.6912613733801787,3.834314486431151,4.0,28.365127124496986,
PWR,571.0150146484375,85434941440,Industrials,59.65780006457132,HOLD,5.0,7.272632394271534,-2.3842127587425535,3.449083574747096,8.0,5.426299581743806,
LHX,366.6199951171875,68543647744,Industrials,59.650961868761215,HOLD,8.0,4.301716550222114,-2.5090707093076188,3.470225920897337,6.0,6.377176693633212,
J,129.9149932861328,15341442048,Industrials,59.627100635659644,HOLD,7.0,3.8874443240717502,-2.546777627232765,4.230216984496488,1.5,23.157455465980057,
GNRC,203.80999755859375,11960399872,Industrials,59.60267567564118,HOLD,4.0,7.82920193251645,-2.830483715155579,2.575616290223045,5.5,16.28477642852843,
MSI,474.6300048828125,79051997184,Technology,59.59601912831787,HOLD,6.0,6.496630655946685,-2.3539268965263362,6.809366323600201,5.0,5.977286481117462,
HAS,93.61499786376953,13170296832,Consumer Cyclical,59.55871060228644,HOLD,5.0,4.602073957279294,-3.4709061844355444,0.6126886344765508,5.0,26.048178916498,
MDLZ,56.70000076293945,73163325440,Consumer Defensive,59.531109620238524,HOLD,5.0,2.8670929764429545,-2.4115465421672493,3.765996522229826,3.5,18.16578324244554,
ZBRA,205.4199981689453,10406626304,Technology,59.50281347689716,HOLD,5.0,4.73259363901827,-2.5598897167323744,5.084740071781912,2.0,61.86350061523183,
LIN,494.42999267578125,229102059520,Basic Materials,59.43114302110494,HOLD,6.0,6.316663574845341,-2.8150530984576685,5.124132097787635,6.0,6.182878825529665,
PKG,214.83999633789062,19330672640,Consumer Cyclical,59.29522885682374,HOLD,4.0,6.545543061881865,-2.9019152088834685,5.238782119741327,6.0,9.150997950674423,
NTAP,102.16000366210938,20233846784,Technology,59.25567165634271,HOLD,5.0,3.7907942023173646,-2.464313519579356,8.448054534486182,1.5,14.526229254037021,
CSCO,78.875,311622828032,Technology,59.21090277399469,HOLD,6.0,5.0314548433730435,-2.631252955905498,5.553153447219219,3.0,14.104595879556259,
GEN,20.8799991607666,12877031424,Technology,59.149076771128826,HOLD,8.0,1.1732140658273154,-2.5604325487725954,7.157871718897746,0.5,53.25671114071602,
PAYC,124.26499938964844,6822908928,Technology,59.0998591730401,HOLD,5.0,3.145613306783674,-2.7243155595116835,9.759132765384319,2.0,10.24826030893814,
CEG,305.1650085449219,110466785280,Utilities,59.05139019265091,HOLD,6.0,4.022299860670859,-2.049558803447846,3.7756950963254567,3.0,33.206622193763444,
ICE,160.8000030517578,91684716544,Financial Services,58.84540908885619,HOLD,8.0,1.7076559153079116,-2.4495216002289846,4.756037877761425,2.0,20.646763879448358,
TROW,88.05999755859375,19217948672,Financial Services,58.81862945045555,HOLD,4.0,14.232731130761868,-2.3404360116203686,9.444819221770894,1.0,15.262324340247094,
MLM,586.6199951171875,35380252672,Basic Materials,58.80252056370349,HOLD,7.0,6.725350927758983,-3.182256968654927,3.8179269485184135,1.5,20.947121800419552,
BEN,24.4950008392334,12771465216,Financial Services,58.75859231467088,HOLD,7.0,2.7350947809586574,-2.527479345993311,2.682676286051942,5.5,10.226573075900326,
WSM,182.96499633789062,21842491392,Consumer Cyclical,58.597532164945335,HOLD,6.0,11.09382029376943,-2.8085695957192574,8.25384516230675,1.5,12.589841840331841,
CBOE,291.3699951171875,30497026048,Financial Services,58.58626342978109,HOLD,7.0,11.546826157863451,-3.1325298778290813,7.709798381557211,5.5,-0.4701908707643336,
CI,269.239990234375,71920951296,Healthcare,58.510486087329184,HOLD,6.0,2.0298807768752756,-2.513741293806296,6.255243043664592,2.0,24.98143374135275,
AMGN,367.0400085449219,197864767488,Healthcare,58.49789796446298,HOLD,7.0,2.7609461606155374,-2.2680082919009177,6.915615648898157,6.0,-4.642547991559442,
A,112.26499938964844,31752992768,Healthcare,58.42830062681937,HOLD,5.0,7.90058623871946,-2.4747289970692075,6.047483646743022,1.0,42.51993129637254,
EQR,60.34000015258789,23661641728,Real Estate,58.37283651834794,HOLD,6.0,3.0499819267516846,-3.4913195852382417,4.181778034626493,3.0,16.00928044909494,
ALB,164.1199951171875,19341084672,Basic Materials,58.33333333333333,HOLD,5.0,4.743006728392997,-2.492095978765578,0.0,5.0,20.034124945796524,
BX,107.18830108642578,131012190208,Financial Services,58.33333333333333,HOLD,5.0,5.33924682409218,-3.2264419769971777,0.0,5.0,50.20295906190911,
PCG,18.434999465942383,40519536640,Utilities,58.2360179137606,HOLD,5.0,0.6129106295609162,-2.689098562798468,3.782232885996522,6.0,19.338218808434217,BANKRUPTCY_RISK
RSG,225.24000549316406,69726101504,Industrials,58.215440914922794,HOLD,7.0,4.678876734836543,-2.7639596260264065,4.500014471096617,4.0,10.548745306062889,
EW,84.02999877929688,48804622336,Healthcare,58.20030222001765,HOLD,4.0,21.635901906105754,-2.7441688281686702,4.109283897006198,3.5,17.815067759338586,
HAL,34.189998626708984,28775213056,Energy,58.135332098094906,HOLD,5.0,6.137283135851726,-2.837504602110225,5.791608498849333,5.0,8.218781767062906,
UAL,90.30000305175781,29233541120,Industrials,58.10540263009706,HOLD,7.0,0.6173107902211832,-2.6062087455802008,7.719367981715194,2.0,50.05536591436728,BANKRUPTCY_RISK
HIG,136.11000061035156,37961117696,Financial Services,58.08822088399346,HOLD,6.0,1.9200741373497137,-2.3765012166649186,6.4416200565135995,5.0,10.20498077096626,
YUM,163.64999389648438,45437882368,Consumer Cyclical,58.025682864447674,HOLD,4.0,2.8170032900134157,-2.5241022118028846,7.225564795014296,5.5,5.407886607752417,
JBL,259.25,27693852672,Technology,57.97570536911719,HOLD,5.0,3.2085517630019442,-2.602708862041996,6.78357753187457,5.0,6.075216972034716,
LYV,157.16000366210938,36901470208,Communication Services,57.92573194989485,HOLD,5.0,2.067965840999576,-2.585690590275985,4.507132207087499,4.5,17.07813420238653,
COP,121.99400329589844,149118058496,Energy,57.84533263087104,HOLD,7.0,5.5232922322092035,-2.843999630176362,7.339332982102187,5.5,-0.8147968498807816,
MO,68.11650085449219,114345238528,Consumer Defensive,57.79317112487445,HOLD,6.0,7.8456024508937485,-2.363942955932141,8.896585562437224,5.0,-2.373141359602857,
DLTR,113.55999755859375,23162587136,Consumer Defensive,57.73704276586201,HOLD,5.0,3.068300962183687,-5.863296639662253,6.213389237730108,2.5,14.476930957068463,
DOV,207.57000732421875,28468893696,Industrials,57.6436492238609,HOLD,4.0,10.136463995188315,-2.5632891441739756,5.845987117109338,4.0,12.285008322975555,
GIS,38.97990036010742,20798976000,Consumer Defensive,57.52308701480706,HOLD,5.0,3.2513520286034328,-2.526204362748758,8.090108261239608,0.0,18.0095371589945,
MKC,57.459999084472656,15424460800,Consumer Defensive,57.494108410038855,HOLD,5.0,3.2270318066610293,-2.4563816128514495,5.5803875383527615,1.0,21.82387942104234,
TKO,197.9600067138672,15623471104,Communication Services,57.4784802164423,HOLD,6.0,3.0137870099796316,-1.4760281471474466,3.628664243884694,3.5,19.721151728672904,ACCOUNTING_RISK
ABT,108.94999694824219,189320544256,Healthcare,57.31526063095542,HOLD,5.0,9.141174137389886,-2.516871707718345,5.490963648811047,1.0,23.910053952670722,
CDW,117.94999694824219,15356342272,Technology,57.295630678718425,HOLD,5.0,2.157591640621873,-2.326720701848667,8.731148672692544,0.5,40.737604319602234,
FOX,52.560001373291016,24537841664,Communication Services,57.199527046999705,HOLD,7.0,5.5744725365734595,-2.621531448164072,9.266430190166519,4.0,0.0,
MCK,949.8099975585938,117231861760,Healthcare,57.17218818160576,HOLD,6.0,2.2513165834615583,-2.471927232664302,6.9439865866486095,6.0,5.284215008308546,
POOL,207.72000122070312,7737462784,Industrials,57.16223490640058,HOLD,5.0,6.842907763495106,-2.1545363996939813,8.164450786533623,0.0,20.35432242000338,
CBRE,135.97000122070312,40463720448,Real Estate,57.14961485659401,HOLD,6.0,3.5762071963207944,-2.230180742669536,3.074807428297004,2.0,32.38214193131357,
HSIC,74.97000122070312,8825829376,Healthcare,57.13149165667918,HOLD,4.0,3.532694672156696,-2.5442351951603435,4.958804012283876,2.5,18.047216965444758,
DLR,182.22500610351562,63743119360,Real Estate,56.97821826394019,HOLD,6.0,3.0305010541455064,-2.4642333171060584,2.111898732430575,6.0,9.754420799079039,
ON,59.93000030517578,24114538496,Technology,56.845739218773915,HOLD,5.0,9.869346866189403,-3.1643982240563746,0.8547348603360714,5.0,16.802936164768443,
SWK,71.27999877929688,11068816384,Industrials,56.818585726115636,HOLD,8.0,2.740645434805222,-2.7671411937704145,4.242626196391155,0.0,26.262628424932448,
AIZ,220.875,11061665792,Financial Services,56.81575431976789,HOLD,6.0,1.0370739615857183,-2.654683522183076,5.8246853092897135,4.0,18.166383701188455,BANKRUPTCY_RISK
DVA,150.82000732421875,10082166784,Healthcare,56.80122559606001,HOLD,6.0,1.6719638160277897,-2.7651719388418434,7.683336434077247,6.0,3.4345527279055132,
MU,449.1440124511719,505477431296,Technology,56.77283168141459,HOLD,6.0,22.64900490297895,-2.845272974500131,4.541124851058271,7.5,0.19058197929805032,
CHD,98.10980224609375,23559114752,Consumer Defensive,56.76707786144999,HOLD,6.0,8.379963265098926,-2.7002004880342914,5.622066276533309,4.5,7.0229453083833775,
VRSK,206.3800048828125,28763713536,Industrials,56.707763501446955,HOLD,6.0,11.189488805181595,-3.066663173750969,7.1314293429431075,2.0,11.444904815560742,
MPC,230.2899932861328,69225742336,Energy,56.65633264003452,HOLD,7.0,3.8308223792613685,-2.8810361844108607,7.494832986683923,5.0,-10.981802954290885,OVERVALUED_ANALYST
CCL,24.915000915527344,34510753792,Consumer Cyclical,56.641826403352795,HOLD,9.0,0.633093831695656,-2.663626708930016,6.070913201676398,1.5,52.51855751013807,BANKRUPTCY_RISK
DPZ,400.6549987792969,13473585152,Consumer Cyclical,56.58610459686636,HOLD,8.0,0.2445263621943501,-2.6643521940371118,7.6263856317665155,1.0,21.051778082810106,BANKRUPTCY_RISK
MDT,88.29399871826172,113359331328,Healthcare,56.58543381336617,HOLD,6.0,5.108679570376601,-2.589670798584342,4.29271690668309,1.0,26.84893834900605,
APA,34.91999816894531,12333775872,Energy,56.5,HOLD,6.0,2.066431272066633,-3.715542305025913,10.0,5.5,-16.953031155110494,OVERVALUED_ANALYST
SBAC,189.22000122070312,19991851008,Real Estate,56.49759078358808,HOLD,7.0,-0.8397038426631029,-2.5248722074035257,7.282072728387829,3.0,16.266778660145757,BANKRUPTCY_RISK
FAST,45.584999084472656,52346556416,Industrials,56.4968214298426,HOLD,8.0,57.83154353076725,-2.3721746863470816,6.581744048254629,5.0,-1.2833148979307996,
DHI,140.60000610351562,40928600064,Consumer Cyclical,56.488793256335825,HOLD,4.0,13.64783361141776,-3.4177316247431695,8.300823974955458,1.0,15.22047863975824,
NRG,153.4550018310547,32590188544,Utilities,56.48723277076027,HOLD,5.0,3.0525043945605854,-2.504837261035771,4.326949718713472,1.5,31.960508021068673,
ROP,352.0,37888376832,Technology,56.48147346652035,HOLD,6.0,4.427752563144111,-2.5290472791476875,4.240736733260177,1.0,29.555397727272737,
SYY,85.33999633789062,40862363648,Consumer Defensive,56.458456295091096,HOLD,5.0,4.580529512590195,-1.4623663918873497,7.332303769325437,6.0,5.460515423106893,ACCOUNTING_RISK
EA,199.8699951171875,50018209792,Communication Services,56.40535414634225,HOLD,7.0,11.291417268769829,-2.6520584231971784,6.335195260754401,4.0,5.068296958166777,
COO,71.08000183105469,13868732416,Healthcare,56.38530446612094,HOLD,5.0,6.401653236615095,-2.511777343074566,3.5259855663938025,2.0,32.94878667084273,
LMT,642.8300170898438,148749451264,Industrials,56.379436153401336,HOLD,5.0,4.717673510461417,-2.4134207701163675,6.937551942547521,5.5,2.670998934972964,
CAG,16.225000381469727,7761544704,Consumer Defensive,56.33905458082543,HOLD,6.0,1.8469143354471722,-2.676005784752087,7.367910793381535,1.5,17.103232994062356,
FISV,57.0,30657558528,Unknown,56.310023879976285,HOLD,5.0,2.24174130315444,-2.581329927608931,7.488345273321476,1.0,29.82456140350877,
KKR,86.22000122070312,79850020864,Financial Services,56.26839848762148,HOLD,4.0,3.4932842630190426,-2.613766138752023,5.050865910477409,1.5,57.736021891105835,
EQIX,985.510009765625,96831217664,Real Estate,56.2661691136584,HOLD,6.0,3.962434388970263,-2.6896802300730176,2.2670563240053903,7.0,5.73205646564762,
SYK,347.57000732421875,133011103744,Healthcare,56.26175100652139,HOLD,5.0,8.561939735267961,-2.616207165874707,4.96420883659403,1.0,22.996803806843236,
BA,214.19000244140625,168319959040,Industrials,56.2146975014995,HOLD,7.0,2.429264814948007,-3.6181802023477205,3.5240154174164173,2.5,28.390679707484907,
MTCH,30.524999618530273,7206042624,Communication Services,56.12950410984682,HOLD,7.0,-0.7903770436199289,-3.036353253024441,9.401360675081264,2.0,14.660116093017631,BANKRUPTCY_RISK
TER,297.5899963378906,46589485056,Technology,56.10084156983349,HOLD,5.0,38.196372229744455,-2.0976275563048543,5.708587970806464,6.0,5.850332294887242,
HSY,221.32000732421875,44880404480,Consumer Defensive,56.067998938251264,HOLD,5.0,7.458856200182405,-2.7288927134801497,4.80086971959903,5.5,6.6329261657198755,
WAT,290.45001220703125,28493690880,Healthcare,55.971128257522345,HOLD,4.0,20.85800000830322,-2.384785043679342,6.402230795427841,0.5,30.83146291250213,
IT,161.81500244140625,11663163392,Technology,55.96621302246783,HOLD,6.0,5.191478436808167,-2.9937629114844166,9.11403618888275,0.5,11.238140644702334,
NSC,291.4700012207031,65456009216,Industrials,55.93462310994254,HOLD,6.0,3.847190136653298,-2.784603227828914,5.430875784437239,4.0,8.072871541068062,
BRO,68.9749984741211,23549499392,Financial Services,55.93344745139823,HOLD,4.0,2.625076209123589,-2.531145576647744,4.6915623285595975,2.0,18.88365612761237,
PPL,38.819000244140625,29164980224,Utilities,55.89183683128756,HOLD,7.0,1.4891209527547757,-2.369858905664411,3.803394039080815,7.0,5.618382086459264,
FTNT,85.62999725341797,63678586880,Technology,55.806017104565974,HOLD,6.0,9.182775548696524,-2.6190777665752334,6.851331052137089,4.0,5.103355000291794,
LW,40.02000045776367,5576886272,Consumer Defensive,55.67132737930103,HOLD,4.0,3.3904150125107475,-2.4984237314348934,6.252330356317189,0.5,24.93752980530079,
GLW,133.2949981689453,114360188928,Technology,55.66442537683132,HOLD,6.0,9.39244539811679,-2.42348979180675,3.332212688415664,8.0,-4.722606440915877,
REG,77.70999908447266,14511934464,Real Estate,55.60798828603082,HOLD,7.0,2.4551577150110275,-2.5046851263566956,3.388688752057616,7.0,6.163944115248922,
ARES,100.76000213623047,33343438848,Financial Services,55.479060392422184,HOLD,7.0,2.3873832762878857,-2.860619342573426,4.656196862877762,1.5,65.74036965006324,
NOW,115.22000122070312,121594675200,Technology,55.38856055398438,HOLD,4.0,11.018345906596569,-2.8929210844485462,4.610946943658855,1.5,58.392638488540285,
NCLH,19.83930015563965,9037706240,Consumer Cyclical,55.275961333187325,HOLD,5.0,-1.181723187199792,-2.574807889267652,4.971313999926997,4.0,33.573260105482795,BANKRUPTCY_RISK
DD,45.630001068115234,19117844480,Basic Materials,55.2064315992473,HOLD,6.0,0.17214925245086476,-2.3259460585219975,1.8532157996236496,5.5,21.630503398742196,BANKRUPTCY_RISK
NUE,163.5050048828125,37419536384,Basic Materials,55.02410580545838,HOLD,6.0,7.927145393299164,-2.405213788377527,5.438861111874408,2.0,13.146383581709575,
GDDY,82.19000244140625,11107288064,Technology,54.93113979653572,HOLD,6.0,0.3963905193825652,-2.969958658407693,9.215569898267859,0.5,21.669299220778836,BANKRUPTCY_RISK
PYPL,45.81999969482422,42871574528,Financial Services,54.70690487696736,HOLD,8.0,3.7254966234456957,-2.5676160622082773,9.99036466053958,2.0,0.3928422225548681,
KDP,27.979999542236328,38015475712,Consumer Defensive,54.62403165978874,HOLD,6.0,1.7228002347956906,-2.368646163117794,5.06201582989437,1.5,26.876342318776995,
HON,235.8800048828125,149943189504,Industrials,54.42523786257071,HOLD,5.0,6.182084758958164,-2.595635268811474,5.362766973708089,5.5,3.8663705818212115,
JBHT,203.61000061035156,19387406336,Industrials,54.35358534884685,HOLD,8.0,8.337660862719229,-3.1040855714322415,5.7131122669028755,3.0,5.594027481707776,
RVTY,86.68000030517578,9827398656,Healthcare,54.092299600658876,HOLD,6.0,4.408972307161504,-2.5750391068160416,2.296149800329441,1.5,37.28657081337637,
EOG,135.27999877929688,73402720256,Energy,54.09226880341964,HOLD,4.0,6.613352859839628,-3.0468973878639503,7.707478313628134,5.0,2.010645509496701,
STLD,173.33999633789062,25307074560,Basic Materials,54.065252520669375,HOLD,4.0,9.045286137277044,-2.337563655060884,5.451455116999427,3.0,12.495675620003857,
NXPI,193.27000427246094,48837947392,Technology,53.94566516811523,HOLD,4.0,4.811311568955915,-2.539900030694536,6.139499250724278,0.0,32.974592186429604,
DRI,205.88999938964844,23947839488,Consumer Cyclical,53.78110459359973,HOLD,5.0,2.489381589864789,-2.8862679689471467,5.583057841750494,5.0,9.281655576765404,
DHR,189.74000549316406,134172622848,Healthcare,53.78084370487741,HOLD,5.0,7.217099896349909,-2.570599992052955,2.973755185772042,1.5,42.29998533953217,
JNJ,242.69000244140625,584858402816,Healthcare,53.63934046155778,HOLD,4.0,6.400168113922691,-2.2528181528535,7.736336897445556,5.5,-0.07829018068106171,
TRV,308.1050109863281,68726956032,Financial Services,53.52698063666138,HOLD,4.0,2.2817408972774404,-2.6507017014997065,6.430156984997355,8.0,-0.358647521762364,
TMO,471.2850036621094,175074951168,Healthcare,53.517621000126496,HOLD,4.0,6.31888248158136,-2.4571213312688487,4.425477166729915,1.0,41.63404199437844,
TRMB,67.5,16059664384,Technology,53.29934187566809,HOLD,4.0,6.549217637237263,-2.378259278608964,3.5663376045007125,1.5,35.55555555555556,
WMB,73.58000183105469,89882615808,Energy,53.252869742557046,HOLD,7.0,1.7454163873048498,-2.6025987305710006,4.539569288045303,5.5,6.007064499799777,
KMB,99.48999786376953,33022955520,Consumer Defensive,53.23119419239954,HOLD,5.0,4.284901176160682,-2.6879838429435505,7.9118651944125515,0.5,12.574130470241105,
DASH,165.61500549316406,71947526144,Consumer Cyclical,53.20595154373876,HOLD,6.0,8.222958789333275,-2.269021316188425,1.8529757718693798,1.5,60.009655653417326,
NKE,54.875,81236033536,Consumer Cyclical,53.14841877833386,HOLD,4.0,6.560628074415179,-2.668795522665122,5.740876055833595,0.0,35.94533029612755,
COR,350.44000244140625,68171333632,Healthcare,53.13684875880887,HOLD,5.0,0.9914430498723468,-2.543662219066273,5.440480873788961,3.5,18.422553677897607,BANKRUPTCY_RISK
HRL,22.815000534057617,12554734592,Consumer Defensive,53.11629580750786,HOLD,6.0,5.600196581585822,-2.622709977252011,4.058147903753929,0.0,20.534733097852627,
IRM,107.75,31876243456,Real Estate,53.107576491085055,HOLD,4.0,0.8272072483669399,-2.7165128083380847,2.4704549122091937,5.5,20.649651972157773,BANKRUPTCY_RISK
ROST,208.92999267578125,67949522944,Consumer Cyclical,53.037680122563046,HOLD,4.0,9.76226458277289,-5.4658303733439055,0.0,5.5,14.871013455896378,
BLK,939.7100219726562,146163941376,Financial Services,52.94650250360799,HOLD,3.0,3.4584025863891092,-2.213441544480129,3.9732512518039944,2.5,38.34054863765489,
WDAY,136.5800018310547,36466860032,Technology,52.822688000255965,HOLD,5.0,6.167630315622507,-2.768286413871484,2.4946773334613166,1.5,31.790890018184747,
BLDR,87.33000183105469,9659141120,Industrials,52.795699922566115,HOLD,5.0,2.7772791052925907,-2.847297855075593,4.731183294616394,0.0,43.13523116811593,
Q,111.625,23403175936,Technology,52.745441714592346,HOLD,5.0,4.757871567945475,-4.074162902374628,3.956054190629512,0.5,25.41993281075028,
PEG,84.68000030517578,42268360704,Utilities,52.69327496418697,HOLD,7.0,2.113534620843043,-2.23229712501985,4.122066739896414,5.5,6.2824748177274765,
SWKS,55.61000061035156,8362276864,Technology,52.67450932126248,HOLD,6.0,8.317799537972473,-3.0488007429286217,5.394529173679409,0.0,16.885450973903655,
OKE,85.54000091552734,53871689728,Energy,52.409147515967796,HOLD,5.0,1.8473525766629506,-2.2053074373606516,6.223201081211361,6.5,4.629412020211741,
AMP,444.42999267578125,41290084352,Financial Services,52.265033734232915,HOLD,6.0,0.8775637525650535,-2.6100549691427317,5.632516867116456,2.0,28.254170374100756,BANKRUPTCY_RISK
GPN,68.31500244140625,19121459200,Industrials,52.263633450091106,HOLD,5.0,1.9155407889866436,-2.648081394166101,3.9651500583788843,2.0,32.474561612761136,
UNH,286.2099914550781,259785900032,Healthcare,52.261100754810776,HOLD,6.0,2.209553001179773,-2.4679245401569103,5.380550377405386,0.5,27.703438353711974,
PFE,26.604000091552734,151277453312,Healthcare,52.22526250256613,HOLD,6.0,3.618854946074178,-2.5217511876337757,3.8683824407949694,6.0,1.488497620976189,
HII,407.54998779296875,15993357312,Industrials,52.21787422432904,HOLD,8.0,4.264601606138319,-2.1925976349732403,4.703034490959947,5.5,0.4784719090758105,
CVS,76.31999969482422,97095147520,Healthcare,52.21090166873169,HOLD,6.0,1.1367297645739551,-2.5678794867080628,2.355450834365843,2.5,25.78616402498547,
DUK,133.63999938964844,103927930880,Utilities,52.156340773771824,HOLD,7.0,0.8535189009342454,-2.7146695261012077,3.7394492075366434,8.0,4.0107756920318725,BANKRUPTCY_RISK
ITW,268.5899963378906,77407633408,Industrials,52.12398472685591,HOLD,4.0,14.584927812938123,-2.4407492166566156,7.4822883824627215,3.5,4.9927412952637935,
FTV,54.439998626708984,17290778624,Technology,52.02328074992019,HOLD,6.0,5.003988957262023,-3.031259563059903,3.690551468056583,1.0,16.64217781380703,
IFF,70.2249984741211,17984368640,Basic Materials,52.0,HOLD,6.0,1.6056352449686755,-2.5564252793012083,0.0,4.0,28.159490146754894,
FRT,106.12000274658203,9211771904,Real Estate,51.9051907040626,HOLD,4.0,1.7387962751534671,-2.6120719630138898,3.87765012869094,7.0,6.4832237800140495,
XEL,81.95999908447266,51132940288,Utilities,51.87889959863402,HOLD,5.0,1.3884112822755843,-2.6143989164711194,2.8679508941574845,6.0,9.80966447698573,
SCHW,94.52999877929688,167973830656,Financial Services,51.66666666666666,HOLD,7.0,0.6919944735016661,-2.24233693687568,0.0,5.0,29.059559478931636,BANKRUPTCY_RISK
TSN,61.83000183105469,21769043968,Consumer Defensive,51.63801343913174,HOLD,6.0,3.75288609597377,-2.6613716927578954,3.079521044145451,3.5,9.978971350840837,
D,63.36000061035156,55679856640,Utilities,51.48058720925694,HOLD,7.0,0.9667580945508454,-2.4028981146973742,4.034486033144841,7.0,5.744948476300592,BANKRUPTCY_RISK
VZ,51.04499816894531,215291691008,Communication Services,51.39912716402691,HOLD,5.0,1.921041124531854,-2.612151616018942,6.0328969153467895,7.0,-4.006265534924528,
EXPD,144.42999267578125,19356641280,Industrials,51.32158040635828,HOLD,7.0,13.40807434996777,-2.679328452010848,7.827456869845802,3.0,-2.721036401769652,
AXON,491.1499938964844,39487315968,Industrials,51.305236996239216,HOLD,6.0,13.68063272738686,-2.172150620112162,0.6526184981196088,2.5,48.12175690535164,
WMT,125.38999938964844,999715831808,Consumer Defensive,51.22329053757529,HOLD,4.0,7.23278123274749,-5.274928141818012,0.0,6.5,10.056623870908624,
ABBV,221.4799041748047,391613906944,Healthcare,51.034453989791466,HOLD,8.0,2.399640147273124,-2.867139733593839,3.6620313042401405,2.5,12.87705804797785,
CINF,168.33999633789062,26264156160,Financial Services,51.024530009350464,HOLD,4.0,2.925485252621909,-2.2744683827958583,6.849300034144676,4.0,3.6592632743944393,
KIM,23.25,15744761856,Real Estate,50.789111160628444,HOLD,8.0,2.2309124887161587,-2.5043917706254923,2.7897168706368043,5.5,5.376344086021505,
KEYS,289.20001220703125,49684561920,Technology,50.62845712278726,HOLD,5.0,13.816684784953818,-2.4641281494554814,4.280344167011708,5.0,3.734435455430514,
HOLX,75.20539855957031,16789222400,Healthcare,50.595623645730036,HOLD,6.0,8.23071532542862,-2.7120486470685816,4.769524322466836,5.0,1.0565750007963624,
LUV,39.84000015258789,20603457536,Industrials,50.59126521371688,HOLD,8.0,1.8299878816481172,-1.681012358157794,2.3789659401917724,2.5,35.54216815556994,ACCOUNTING_RISK
AJG,211.47000122070312,54368935936,Financial Services,50.56681617879228,HOLD,6.0,1.8835369399857975,-1.9442472444893357,3.533408089396136,2.0,32.406487153596196,
IQV,165.9199981689453,28156622848,Healthcare,50.54288264949832,HOLD,4.0,2.1394606140442995,-2.469058689033657,5.438107991415825,1.0,44.6480247399858,
VLO,233.97500610351562,71364608000,Energy,50.26768993894726,HOLD,7.0,6.526110912488531,-2.9316279205813043,4.300511636140294,5.0,-8.75093730928552,
KVUE,17.625,33782403072,Consumer Defensive,50.25372093248266,HOLD,6.0,2.692906010216837,-2.4652283379789197,5.807711530071119,1.0,10.638297872340425,
ATO,187.9199981689453,31089285120,Utilities,50.17264405341349,HOLD,6.0,3.103575445728938,-2.6245830711003326,3.586322026706747,6.0,-2.3520637569246947,
XOM,157.66000366210938,656931946496,Energy,49.96180298744686,HOLD,5.0,8.074150180113236,-2.7985964789713367,5.8142348270567625,5.0,-6.444249287145705,
FANG,182.2100067138672,51843411968,Energy,49.92870316215671,HOLD,5.0,2.109630592906746,-2.6887652963228255,2.4100434570010063,7.5,4.275282914821358,
L,109.66999816894531,22664353792,Financial Services,49.83341778540741,HOLD,7.0,1.2244854986777325,-2.324649258144103,5.083375559370375,6.0,0.0,
ESS,250.3000030517578,17305731072,Real Estate,49.83062295409038,HOLD,6.0,2.607492376443695,-2.4738573484098048,3.8819521860917843,2.0,11.066718581906807,
WYNN,102.75499725341797,10715628544,Consumer Cyclical,49.78904801389536,HOLD,3.0,1.5389974637036141,-2.583153401069029,5.1445240069476785,1.5,39.65257538384754,
CB,331.4200134277344,130430623744,Financial Services,49.747949258693154,HOLD,5.0,1.8893562478515975,-2.4592047352143083,6.016343870786848,6.0,1.3819281837861261,
AMT,185.11000061035156,86658621440,Real Estate,49.74205951329786,HOLD,6.0,1.4949858691324005,-2.5082576343891767,3.648000393680909,3.0,13.446058725936041,
INVH,25.25,15478770688,Real Estate,49.71818367970948,HOLD,7.0,1.9097879922069634,-2.6500378763819725,3.275758506521414,0.5,22.772277227722775,
TPL,523.0,36056432640,Energy,49.70068588427159,HOLD,3.0,237.05469085909175,-2.42503271378621,5.850342942135795,6.0,-15.009560229445507,OVERVALUED_ANALYST
KMI,33.32500076293945,74141671424,Energy,49.60654428930768,HOLD,7.0,1.7705254603494764,-2.7149712698274353,3.95718679090464,6.0,2.0255040408317404,
PSX,174.11000061035156,69773541376,Energy,49.41846509625174,HOLD,7.0,4.101845241977119,-1.4729923883981226,6.375899214792534,5.0,-8.104072460449272,ACCOUNTING_RISK
AKAM,106.68000030517578,15456663552,Technology,49.09122579712101,HOLD,5.0,4.593062236529443,-2.794741698667829,3.0728908863151005,5.5,3.1121106911574903,
CSX,39.80500030517578,74019659776,Industrials,49.077035859457766,HOLD,4.0,3.9565838912274236,-2.739901630838827,5.332179082646258,5.0,1.7460110274985956,
GM,72.91000366210938,68014919680,Consumer Cyclical,49.01091617483877,HOLD,5.0,1.37613973211666,-2.415520675040436,1.5887914207527185,2.5,37.1553901758601,
GEV,822.5999755859375,223188189184,Industrials,48.99063065310082,HOLD,6.0,5.008204548202685,-2.234076194816419,1.8975141281362902,5.5,3.6956023968282494,
AEP,134.19000244140625,72578203648,Utilities,48.98720197150577,HOLD,5.0,1.287785335000628,-2.5230156440861333,3.7799123698092094,7.0,2.094043898554014,
VRSN,240.68499755859375,22309181440,Technology,48.81921001175882,HOLD,8.0,-19.781891391871653,-1.2683197466188205,7.406585263693575,2.0,14.672706151038334,"ACCOUNTING_RISK, BANKRUPTCY_RISK"
WY,23.725000381469727,17102427136,Real Estate,48.80159685473852,HOLD,4.0,3.1421162189632255,-2.5743931331286363,2.0674650940359283,1.0,30.663854590334882,
KEY,19.104999542236328,20817715200,Financial Services,48.666666666666664,HOLD,7.0,0.40484326078006283,-2.4274182636865507,0.0,4.0,25.621568045275595,BANKRUPTCY_RISK
NI,47.6349983215332,22794928128,Utilities,48.59278071964005,HOLD,6.0,1.114815117768515,-2.3186430207377726,3.8636185254923223,6.0,2.8655436686553917,
LNT,73.08999633789062,18794422272,Utilities,48.56645123623538,HOLD,7.0,1.8677269539853163,-2.376315808821807,3.1432814229644057,6.0,2.6132217236399136,
CME,310.8900146484375,111768821760,Financial Services,48.555041861433274,HOLD,5.0,1.1510391460263265,-2.5518204543593317,6.093165475993063,6.0,0.03537757611381449,
MET,69.37000274658203,45707317248,Financial Services,48.550607962968435,HOLD,4.0,0.31237040129434146,-1.9813919570651692,5.191970648150882,3.0,32.62216571633765,BANKRUPTCY_RISK
BG,124.38999938964844,24070594560,Consumer Defensive,48.54884428740621,HOLD,3.0,3.5260220974806216,-2.3925894859740167,3.7694174657231736,5.5,4.5100093559598635,
AEE,112.40499877929688,31071496192,Utilities,48.52355813158036,HOLD,6.0,1.437635113564816,-2.300620033173882,3.662650352768359,6.0,3.1982574260436403,
CVX,197.7449951171875,395362172928,Energy,48.482400040781556,HOLD,6.0,5.754370154187093,-2.970054466252509,4.2412000203907745,5.0,-6.950868773716347,
TECH,49.9900016784668,7821100544,Healthcare,48.398896939237645,HOLD,5.0,15.599160246880672,-3.0486884810046027,1.7827818029521556,0.5,51.030200970210494,
ELV,294.3599853515625,64966623232,Healthcare,48.27366980275167,HOLD,4.0,2.27892864523504,-2.0400237490702726,6.303501568042504,0.5,31.641533932405157,
EL,90.01010131835938,32577136640,Consumer Defensive,48.20888000286607,HOLD,5.0,4.355266370468364,-3.308369909891548,0.0,2.0,18.875546669532735,
CRL,154.72500610351562,7616771584,Healthcare,48.13801980616111,HOLD,6.0,2.979908113014231,-3.1649648383355995,0.06900990308055155,1.0,27.32266422933676,
CMS,78.2249984741211,23969773568,Utilities,47.910245860641666,HOLD,6.0,1.3637110707392497,-2.3825069857225367,3.8205741540328226,6.0,2.269097552576014,
PCAR,115.26000213623047,60614594560,Industrials,47.8145050779043,HOLD,4.0,7.792921999997166,-2.494184997117008,4.348690295655135,3.0,8.450457819927362,
DG,134.27499389648438,29556459520,Consumer Defensive,47.79570069047308,HOLD,5.0,2.307932298097043,-3.858909707354343,3.6256607523732063,3.5,11.711045852393326,
MCHP,64.22000122070312,34751721472,Technology,47.753009315542776,HOLD,3.0,6.534427238348769,-3.048889056672769,0.8765046577713876,2.0,40.14325488830101,
VST,162.43499755859375,55037120512,Utilities,47.5384894472576,HOLD,4.0,1.509353418333538,-2.6282241530749015,3.185911390295464,1.5,44.057625214413065,
VTR,87.55999755859375,41587953664,Real Estate,47.51681812929455,HOLD,6.0,3.104616415048959,-2.4531794794944894,1.6150773438615176,5.5,2.786663441571523,
IVZ,23.200000762939453,10293232640,Financial Services,47.5,HOLD,6.0,1.9425815130603357,-2.8753175126644352,0.0,2.5,29.310340575174116,
SYF,64.66999816894531,23292264448,Financial Services,47.0,HOLD,6.0,0.9123260597496341,-3.7350352669775084,0.0,4.0,39.16808805975538,BANKRUPTCY_RISK
USB,51.63999938964844,80225075200,Financial Services,47.0,HOLD,6.0,0.515370646246166,-3.3605911312075225,0.0,4.0,21.998452255266187,BANKRUPTCY_RISK
PSA,284.92498779296875,50006171648,Real Estate,46.98036363604794,HOLD,4.0,5.282005365872302,-3.7145049343937524,4.41882298627165,2.5,8.976050996837975,
SJM,105.7750015258789,11285593088,Consumer Defensive,46.833333333333336,HOLD,5.0,0.6847276129951837,-3.3560128752776865,0.0,4.5,22.90238536956599,BANKRUPTCY_RISK
CPB,21.475000381469727,6402433024,Consumer Defensive,46.47885198289531,HOLD,6.0,1.8567875203654802,-2.729797182115088,6.610497996854841,0.5,11.757855989185623,
EXR,139.74000549316406,30965745664,Real Estate,46.37755512094849,HOLD,7.0,2.458688557322218,-2.5497338770899205,3.4343428590585114,3.5,7.342202736164803,
CIEN,357.9100036621094,50631184384,Technology,46.37355699134709,HOLD,7.0,18.00273112171342,-2.939461146673842,1.6034451623402113,5.5,-5.004052269804003,
SO,98.83499908447266,110635032576,Utilities,46.34664336936219,HOLD,4.0,1.409060999832532,-2.5734271645078324,3.732940769970446,6.0,4.214095162754629,
ETR,106.03500366210938,48032776192,Utilities,46.30741225920778,HOLD,5.0,1.6481650607597875,-2.6252963163485554,3.7494899781830595,5.5,3.9750989695083256,
O,65.2300033569336,61049958400,Real Estate,46.227952836285155,HOLD,5.0,1.8357008306490519,-2.5199923306282974,2.07405626342288,6.5,4.246506976106066,
APO,103.41999816894531,60027301888,Financial Services,46.063628098234304,HOLD,5.0,-0.7107805490106146,-3.224798891768213,6.365147382450485,0.0,52.77509456332966,BANKRUPTCY_RISK
TSLA,400.2699890136719,1501985898496,Consumer Cyclical,45.94354204045855,HOLD,6.0,31.65949024224487,-2.691978012726979,1.5105557623089578,1.0,14.922430515840635,
ES,72.4749984741211,27214116864,Utilities,45.888912606277536,HOLD,6.0,0.8766008145548647,-2.706141297694232,4.072689058469791,5.5,6.243534489337954,BANKRUPTCY_RISK
SRE,96.20770263671875,62850969600,Utilities,45.818560358299294,HOLD,6.0,2.3901027636951584,-2.851663254140794,2.139117192802794,5.0,6.540325972693712,
HUM,171.72999572753906,20709945344,Healthcare,45.76822952785677,HOLD,4.0,2.9359240945339415,-2.119767291987598,4.902145511992914,0.5,15.297271837204274,
CFG,56.53499984741211,24281001984,Financial Services,45.666666666666664,HOLD,7.0,0.2908489394710486,-3.301000483590997,0.0,3.0,27.35473634797542,BANKRUPTCY_RISK
BXP,52.46500015258789,9289293824,Real Estate,45.55443575887588,HOLD,5.0,1.033770151297891,-2.788471904544232,3.1105512127712736,2.0,32.46926483916505,BANKRUPTCY_RISK
AWK,138.39999389648438,27016878080,Utilities,45.534847282754626,HOLD,7.0,1.302910424016575,-2.5630114137455617,4.036689241560417,5.0,0.7948021329671224,
ARE,48.525001525878906,8409400832,Real Estate,45.5,HOLD,6.0,0.15717885507757468,-2.8189217596309133,0.0,3.5,23.647600439541158,BANKRUPTCY_RISK
NWS,27.3700008392334,15124417536,Communication Services,45.47741521719754,HOLD,7.0,3.786418082090716,-2.4881547905669428,4.905374275265434,3.0,0.0,
CNP,44.08000183105469,28835518464,Utilities,45.242040612553076,HOLD,5.0,1.2305543319667096,-2.4720688627993015,3.4107985911421057,6.0,2.0871100969355383,
BK,116.44999694824219,81206304768,Financial Services,45.12165756184068,HOLD,5.0,0.5197012190459218,-2.4433310252323652,0.0,5.0,16.78832422850735,BANKRUPTCY_RISK
SNPS,426.625,81725153280,Technology,45.04276226078066,HOLD,3.0,5.577856937922799,-1.7079460600151886,2.021381130390332,2.0,26.57486082625256,ACCOUNTING_RISK
SBUX,99.2300033569336,113052737536,Consumer Cyclical,44.8367743494597,HOLD,5.0,2.1780156233450363,-2.766462493814569,4.613734708900859,5.5,0.7759715983246548,
AIG,77.21499633789062,41663365120,Financial Services,44.80611769603907,HOLD,5.0,1.2942016186086986,-2.4855820396667263,4.973956707368989,1.5,12.024870947967754,
NEE,92.80999755859375,193371668480,Utilities,44.552871970285786,HOLD,6.0,1.9291381776643308,-2.601357689711693,2.788502282700632,5.0,3.975867404884523,
WEC,117.88500213623047,38375264256,Utilities,44.384736910846826,HOLD,4.0,1.6540239039462132,-2.1475066228356794,3.515406690585749,6.0,5.1872568630086695,
STT,121.80999755859375,34023049216,Financial Services,44.371181544643946,HOLD,5.0,0.3852044286747829,-2.479678689964085,0.0,4.0,19.03784821131062,BANKRUPTCY_RISK
GS,800.4849853515625,240164749312,Financial Services,44.16666666666666,HOLD,4.0,0.44752841456481274,-2.0085378986866713,0.0,5.0,22.738092278957474,BANKRUPTCY_RISK
AMCR,40.900001525878906,18897670144,Consumer Cyclical,44.067579841053224,HOLD,4.0,1.2774130838164077,-1.2794080870060767,2.4504565871932784,2.5,32.02933492760936,ACCOUNTING_RISK
CHTR,216.35000610351562,27997718528,Communication Services,44.05583781930507,HOLD,6.0,0.3033827932775135,-2.674940756368982,7.217774844400917,2.0,8.620288130503232,BANKRUPTCY_RISK
EG,324.2149963378906,13095093248,Financial Services,44.04298485582768,HOLD,5.0,1.3751278074099877,-2.250733738077867,5.8150174360943145,0.5,12.579616650305722,
PNC,202.72500610351562,81964531712,Financial Services,44.0,HOLD,6.0,0.5273683250132742,-3.243709497273529,0.0,3.0,23.81304350378668,BANKRUPTCY_RISK
ADM,71.86499786376953,34581569536,Consumer Defensive,43.817271987898,HOLD,4.0,3.736991927191821,-2.9308115827819265,3.5753026606156717,5.0,-16.51012066578134,OVERVALUED_ANALYST
FIS,50.369998931884766,26084141056,Technology,43.56535082242394,HOLD,6.0,-1.1114943290099708,-2.790845291227405,3.532675411211971,0.5,36.986304274710314,BANKRUPTCY_RISK
GPC,105.05500030517578,14615473152,Consumer Cyclical,43.522876354537985,HOLD,6.0,1.9693413054106688,-2.6559262947926263,1.011438177268993,0.5,28.504116517858797,
UDR,35.86000061035156,13500897280,Real Estate,43.353797209740286,HOLD,8.0,0.8171059696105369,-3.6558530730587058,3.093473290457254,1.5,14.333517295492445,BANKRUPTCY_RISK
STZ,152.69500732421875,26583265280,Consumer Defensive,43.324173512078715,HOLD,6.0,3.825657103356285,-3.4328629511502733,0.8916401095851676,2.5,9.040893292908377,
ED,114.83499908447266,41490194432,Utilities,43.26274015746604,HOLD,5.0,1.8703298996102735,-2.5789679682210034,4.2147034120663545,5.5,-3.3395734010078497,
EXC,49.904998779296875,51047452672,Utilities,43.13504932295936,HOLD,6.0,1.0907292797540618,-2.5145784089020733,3.970438951142598,6.0,2.194171420674169,BANKRUPTCY_RISK
DTE,148.99000549316406,30960683008,Utilities,43.100037378704876,HOLD,5.0,1.304341523436583,-2.202904742144487,3.623218995012971,6.0,2.0202660553455996,
HD,343.3299865722656,341788950528,Consumer Cyclical,43.0,HOLD,3.0,7.253630552433501,-6.004575513114604,0.0,1.0,20.874964678521884,
FITB,44.29499816894531,39946072064,Financial Services,42.666666666666664,HOLD,7.0,0.6053098888530429,-2.481201339974933,0.0,2.0,28.68270088328395,BANKRUPTCY_RISK
TJX,156.08999633789062,173718601728,Consumer Cyclical,42.614808191278684,HOLD,3.0,9.028908861714214,-5.578324690320931,0.0,3.5,12.114808191278687,
TFC,44.65999984741211,55787859968,Financial Services,42.5,HOLD,6.0,0.27664259274983494,-2.40360368900239,0.0,2.5,25.391849958201473,BANKRUPTCY_RISK
C,107.36000061035156,187798159360,Financial Services,42.5,HOLD,3.0,0.3446337243734727,-2.119777551295607,0.0,5.0,25.279432968847825,BANKRUPTCY_RISK
MS,156.97999572753906,249262292992,Financial Services,42.5,HOLD,3.0,0.464327102226613,-2.0932192549923965,0.0,5.0,24.21964919558924,BANKRUPTCY_RISK
NTRS,137.75,25597779968,Financial Services,42.45614035087719,HOLD,4.0,0.47123638444615823,-3.516902929337639,0.0,5.0,15.789473684210526,BANKRUPTCY_RISK
BAX,17.264999389648438,8882670592,Healthcare,42.34130151774801,HOLD,6.0,4.1005371025518995,-2.7652632498185064,0.0,0.5,15.841301517748011,
CSGP,43.875,18595225600,Real Estate,42.33333333333333,HOLD,5.0,10.54592531502621,-2.0859800718389647,0.0,0.5,48.148148148148145,
CRWD,430.66009521484375,109221470208,Technology,42.32373349527738,HOLD,3.0,18.81600270831923,-2.9474920576497685,0.0,2.5,14.82373349527738,
CPT,101.31999969482422,10779974656,Real Estate,41.98071602130318,HOLD,7.0,2.210947995005498,-2.7661223125222394,3.396365211338227,0.5,12.021318931960062,
INTC,48.369300842285156,241613291520,Technology,41.70281135909935,HOLD,6.0,4.818009484169622,-2.5793163120902527,0.8514056795496778,5.0,-0.7635025436677555,
SNDK,715.655029296875,105619415040,Technology,41.5,HOLD,6.0,30.09217569610587,-3.499582615423293,0.0,5.5,-0.7901892763097073,
PLD,134.02999877929688,124588785664,Real Estate,41.44220947969178,HOLD,4.0,3.469667562772567,-2.185239351699673,2.7241321915495424,4.0,4.827278429926034,
MTB,199.1300048828125,30604445696,Financial Services,41.42019167443667,HOLD,7.0,0.4931684602295734,-3.3155025161532015,0.0,3.0,15.753525007770005,BANKRUPTCY_RISK
FE,51.724998474121094,29893576704,Utilities,41.118146325967906,HOLD,6.0,0.7922735161440277,-2.466133302553475,3.5765921929585898,5.5,2.4649619400507308,BANKRUPTCY_RISK
ZBH,94.41000366210938,18710321152,Healthcare,40.87636993235141,HOLD,5.0,4.578263702812975,-2.5892711454309034,3.561028880454967,1.5,5.920978838108149,
MGM,36.75,10051361792,Consumer Cyclical,40.848251864528706,HOLD,6.0,0.6867612273421421,-2.8498737184104916,1.3509966805636715,2.5,15.646258503401361,BANKRUPTCY_RISK
COF,181.97000122070312,113172889600,Financial Services,40.83333333333333,HOLD,5.0,0.5316321026935648,-2.27515974022236,0.0,2.5,53.87151625085761,BANKRUPTCY_RISK
AXP,300.739990234375,207165243392,Financial Services,40.666666666666664,HOLD,4.0,1.0928951961616973,-3.4319680423021484,0.0,3.0,24.69242939981215,BANKRUPTCY_RISK
APD,288.42498779296875,64219553792,Basic Materials,40.57337709538879,HOLD,3.0,4.4577823050389345,-2.8629221199935078,0.0,5.0,5.573377095388795,
TGT,116.9800033569336,52973248512,Consumer Defensive,40.189203065697335,HOLD,5.0,1.5942413700574138,-5.229686260218144,0.0,5.0,6.855869732364004,
MCD,327.7275085449219,233867804672,Consumer Cyclical,40.18323249347975,HOLD,4.0,8.199636989984091,-5.5317809200979955,0.0,3.5,8.01656582681308,
AFL,109.66000366210938,56625074176,Financial Services,39.90677814373732,HOLD,3.0,2.488349677227404,-2.3394303657258018,5.062637600883039,3.0,5.781502941971241,
WBD,27.40999984741211,68004605952,Communication Services,39.78731506910683,HOLD,8.0,1.0562112760140492,-2.562076863763118,3.0024374804258143,2.0,9.449106774921866,BANKRUPTCY_RISK
OXY,57.7400016784668,56947036160,Energy,39.703420677882384,HOLD,4.0,2.387121916961398,-3.004873453895093,4.01837700560786,5.0,-6.477314807321127,
RF,25.440000534057617,22307737600,Financial Services,39.68081512211541,HOLD,7.0,0.37713376085337524,-2.2918536829403187,0.0,1.5,18.514148455448748,BANKRUPTCY_RISK
IP,37.599998474121094,19908050944,Consumer Cyclical,39.5,HOLD,3.0,1.2056658585983842,-3.0172665324604027,0.0,1.5,26.32979236074376,
BAC,47.30500030517578,345444548608,Financial Services,39.33333333333333,HOLD,5.0,0.3667397860578046,-2.307654945374896,0.0,2.0,31.06436867143703,BANKRUPTCY_RISK
HPE,21.875,29192912896,Technology,39.25524947489414,HOLD,5.0,0.654396737674239,-2.0199134235457885,2.532386642208973,1.5,18.857142857142858,BANKRUPTCY_RISK
LOW,242.5500030517578,136058781696,Consumer Cyclical,39.22964186816226,HOLD,4.0,1.6161406890359193,-5.675783476634567,0.0,1.0,19.562975201495593,
DELL,156.5,104882978816,Technology,39.20926517571885,HOLD,3.0,0.46281922521545216,-4.934516250427066,0.0,7.5,6.7092651757188495,BANKRUPTCY_RISK
HPQ,18.69499969482422,17161719808,Technology,39.13929919755663,HOLD,5.0,-0.28055490245599757,-2.5019158899509106,10.0,0.5,4.305965864223301,BANKRUPTCY_RISK
WRB,69.2300033569336,26308868096,Financial Services,39.11220680264479,HOLD,5.0,2.158164265398521,-2.4602628828440687,5.88943673465573,3.0,-0.3322307464694904,
MAA,127.2300033569336,15270600704,Real Estate,38.86540769613741,HOLD,6.0,1.8374015715989716,-3.6224319980322432,3.0747512163953914,0.5,11.215905263346627,
AVB,170.5399932861328,24147601408,Real Estate,38.44958819307954,HOLD,4.0,2.5487814209838806,-3.534897732800552,3.5564931315425614,0.5,13.169935263327753,
DOC,17.304500579833984,12027388928,Real Estate,37.938174994246495,HOLD,5.0,1.0808352104183858,-2.753508525665964,2.153407962839106,3.5,9.798025735234955,BANKRUPTCY_RISK
CNC,34.689998626708984,17059535872,Healthcare,37.83333333333333,HOLD,5.0,0.4687119566285654,-3.075883564203194,0.0,1.5,21.072359938529377,BANKRUPTCY_RISK
BBY,62.77000045776367,13188056064,Consumer Cyclical,37.8171623169982,HOLD,5.0,1.7970261228679276,-5.346420594133331,0.0,0.0,19.483828983664868,
RJF,145.7100067138672,28773341184,Financial Services,37.666666666666664,HOLD,4.0,0.9016174098278531,-2.552771566354979,0.0,2.0,26.62136538247869,BANKRUPTCY_RISK
HBAN,15.404999732971191,31268952064,Financial Services,37.666666666666664,HOLD,4.0,0.2555430333303085,-3.303027515266519,0.0,2.0,36.31937918865313,BANKRUPTCY_RISK
BRK-B,493.2300109863281,1064062287872,Financial Services,37.65023627697782,HOLD,3.0,4.740498458145703,-2.5253654452436027,5.625101043002731,1.0,3.4000341909723586,
VTRS,13.550000190734863,15606481920,Healthcare,37.36777211946665,HOLD,4.0,0.5931416877441448,-3.2532329686179553,0.0,5.0,10.701105452799984,BANKRUPTCY_RISK
EVRG,83.37000274658203,19198576640,Utilities,37.095520944221214,HOLD,4.0,1.0711671049171025,-0.21188190934190002,3.437650659896933,6.0,5.553552957760682,"ACCOUNTING_RISK, BANKRUPTCY_RISK"
KR,74.9000015258789,45988601856,Consumer Defensive,36.666666666666664,HOLD,4.0,2.78569463562778,-5.173228544749184,0.0,5.0,-1.201604148923741,
MRNA,52.75,20833054720,Healthcare,36.666666666666664,HOLD,4.0,8.760557935225073,-3.5375422436687955,0.0,5.0,-27.014218009478675,OVERVALUED_ANALYST
TTWO,210.5,38979432448,Communication Services,36.166666666666664,HOLD,4.0,-0.4304495863315383,-5.009172853340269,0.0,1.5,33.0166270783848,BANKRUPTCY_RISK
WFC,75.73999786376953,237754253312,Financial Services,36.0,HOLD,3.0,0.4742623825593383,-2.363061633663821,0.0,2.0,32.03063483031245,BANKRUPTCY_RISK
MOH,150.24000549316406,7737360384,Healthcare,35.933512369791664,HOLD,4.0,3.936211944403016,-1.7524531232118818,7.3834228515625,1.5,-4.153358136989674,ACCOUNTING_RISK
PRU,93.6500015258789,32590200832,Financial Services,35.724148308258165,HOLD,5.0,0.19311169310722837,-2.3113101595809207,0.0,2.0,16.390814974924833,BANKRUPTCY_RISK
PSKY,9.689900398254395,10772660224,Communication Services,35.0,HOLD,6.0,-0.17298706524178536,-3.3975209447063164,0.0,0.0,23.84028221963729,BANKRUPTCY_RISK
LEN,94.7301025390625,23467061248,Consumer Cyclical,34.64008248339918,HOLD,3.0,8.019331147573794,-2.086942474578148,7.108046909013573,0.0,2.9239886653720415,
PNW,103.28500366210938,12487713792,Utilities,34.491851301101725,HOLD,3.0,0.9307954734390127,-2.6413143858602726,3.2459256505508627,6.0,-0.760036437310364,BANKRUPTCY_RISK
OMC,77.94999694824219,24523356160,Communication Services,33.83000285317298,HOLD,2.0,1.0855410952895703,-1.6117750945476295,1.4983347599198225,2.5,30.211679247909036,"ACCOUNTING_RISK, BANKRUPTCY_RISK"
PFG,87.20999908447266,19159498752,Financial Services,33.09912968387397,HOLD,4.0,0.2337232960263914,-2.0403394320699624,0.0,5.0,8.932463017207299,BANKRUPTCY_RISK
AES,14.194999694824219,10114772992,Utilities,31.886364444286592,HOLD,4.0,0.22951257566272731,-2.4327987398855835,2.7743422932399016,3.0,5.67101319114012,BANKRUPTCY_RISK
JPM,286.94500732421875,773900009472,Financial Services,31.833333333333332,HOLD,2.0,0.506549541103668,-2.163471550598951,0.0,2.0,20.232097159364407,BANKRUPTCY_RISK
F,11.734999656677246,46816493568,Consumer Cyclical,31.80123911025394,HOLD,3.0,0.3990031101652033,1.3472790001261585,0.0,2.5,19.30123911025394,"ACCOUNTING_RISK, BANKRUPTCY_RISK"
DOW,36.349998474121094,26158163968,Basic Materials,31.666666666666664,HOLD,4.0,2.4102418023242485,-2.3219468779407295,0.0,5.0,-3.71388866792445,
CCI,87.7249984741211,38254276608,Real Estate,30.14415536169529,HOLD,6.0,-1.1286622613322932,-2.743277961189462,3.4255962602608796,0.0,8.292962841173528,BANKRUPTCY_RISK
LYB,71.58999633789062,23064147968,Basic Materials,30.0,SELL,3.0,2.5400079563986377,-2.4141085510936304,0.0,5.0,-21.776780465679764,OVERVALUED_ANALYST
ERIE,250.1300048828125,13079265280,Financial Services,23.166666666666664,SELL,4.0,16.173856513514682,-3.1786074634959656,0.0,0.5,0.0,
TAP,42.810001373291016,8451888128,Consumer Defensive,23.12076265428427,SELL,5.0,0.19211305430367187,-3.3711214289306737,0.0,0.0,9.787429320950938,BANKRUPTCY_RISK
KHC,22.719999313354492,26894680064,Consumer Defensive,18.967139342707384,SELL,5.0,0.2601470762252548,-3.0816134021360257,0.0,0.0,5.633806009374048,BANKRUPTCY_RISK
